Investigador Asociado,Walter Hugo Arboleda Mazo,Masculino,Doctorado,Trabajo dirigido de grado de pregrado,PDA SOFT - SOFTWARE INSTITUCIÓN UNIVERSITARIA DE ENVIGADO,2007
Investigador Asociado,Walter Hugo Arboleda Mazo,Masculino,Doctorado,Trabajo dirigido de grado de pregrado,Voto Electronico INSTITUCIÓN UNIVERSITARIA DE ENVIGADO,2007
Investigador Asociado,Walter Hugo Arboleda Mazo,Masculino,Doctorado,Trabajo dirigido de grado de pregrado,Compendio Synchronous Digital Hierarchy UNIVERSIDAD DE SAN BUENAVENTURA - SEDE MEDELLÍN,2001
Investigador Asociado,Walter Hugo Arboleda Mazo,Masculino,Doctorado,Trabajo dirigido de grado de pregrado,Sistema integral para la gestión de seguridad - SIGES Corporación Universitaria Adventista,2015
Investigador Asociado,Walter Hugo Arboleda Mazo,Masculino,Doctorado,Trabajo dirigido de grado de pregrado,Estandarización de Procesos para la Certificación en CMMI Nivel 3 de uno de los contratos de la compañia Accenture Corporación Universitaria Adventista,2014
Investigador Asociado,Walter Hugo Arboleda Mazo,Masculino,Doctorado,Trabajo dirigido de grado de pregrado,E-BOOK para la promoción de la salud mediante remedios naturales Corporación Universitaria Adventista,2015
Investigador Asociado,Walter Hugo Arboleda Mazo,Masculino,Doctorado,Trabajo dirigido de otro tipo,¿Usted puede salvar una vida¿ Guía de Procedimientos de Enfermería en RCP básica en población mayor de 18 años usando realidad aumentada Corporación Universitaria Adventista,2015
Investigador Asociado,Walter Hugo Arboleda Mazo,Masculino,Doctorado,Trabajo dirigido de grado de pregrado,Implementación de una arquitectura open health data para la gestión y consumo de datos de salud Corporación Universitaria Adventista,2015
Investigador Asociado,Walter Hugo Arboleda Mazo,Masculino,Doctorado,Trabajo dirigido de grado de pregrado,Sistema académico de proyectos integradores (GAPI): Un análisis de su implementación en el Programa de Ingeniería de Sistemas de la Corporación Universitaria Adventista Colombia Corporación Universitaria Adventista,2023
Investigador Asociado,Walter Hugo Arboleda Mazo,Masculino,Doctorado,Trabajo dirigido de grado de pregrado,Sistema de Gestión de Actas de Consejo de facultad para la Facultad de Ingeniería (GACFI) Corporación Universitaria Adventista,2023
Investigador Asociado,Walter Hugo Arboleda Mazo,Masculino,Doctorado,Trabajo dirigido de grado de pregrado,La ingeniería de requisitos en los métodos de desarrollo agiles Corporación Universitaria Adventista,2014
Investigador Asociado,Walter Hugo Arboleda Mazo,Masculino,Doctorado,Trabajo dirigido de grado de pregrado,Ecosistema de aplicaciones para la atención de urgencias y emergencias Corporación Universitaria Adventista,2014
Investigador Asociado,Walter Hugo Arboleda Mazo,Masculino,Doctorado,Trabajo dirigido de grado de pregrado,Sistema de información para la gestión y acompañamiento de capellanía institucional de la Corporación Universitaria Adventista Corporación Universitaria Adventista,2023
Investigador Asociado,Walter Hugo Arboleda Mazo,Masculino,Doctorado,Trabajo dirigido de grado de pregrado,Migración de la aplicación móvil SION estudiantes de la Corporación Universitaria Adventista Colombia Corporación Universitaria Adventista,2023
Investigador Asociado,Walter Hugo Arboleda Mazo,Masculino,Doctorado,Trabajo dirigido de grado de pregrado,Software del consultorio empresarial en logística de la Corporación Universitaria Adventista Colombia Corporación Universitaria Adventista,2023
Investigador Asociado,Walter Hugo Arboleda Mazo,Masculino,Doctorado,Trabajo dirigido de grado de pregrado,Actualización Sistema Virtual de Gestión Académica SVGA UNAC Corporación Universitaria Adventista,2014
Investigador Asociado,Walter Hugo Arboleda Mazo,Masculino,Doctorado,Trabajo dirigido de grado de pregrado,Implementación de servicios tecnológicos para red de Investigación en Administración de Empresas Corporación Universitaria Adventista,2014
Investigador Asociado,Walter Hugo Arboleda Mazo,Masculino,Doctorado,Trabajo dirigido de grado de pregrado,Implementación de Repositorio Institucional y Revistas en la UNAC Corporación Universitaria Adventista,2014
Investigador Asociado,Walter Hugo Arboleda Mazo,Masculino,Doctorado,Trabajo dirigido de grado de pregrado,"Prueba de concepto Implantación de Sistema de Información hospitalario integrado, interoperable, con soporte para Tele radiología y Tele dermatología para instituciones prestadoras de salud bajo la modalidad de telemedicina en el departamento de Antioquia Corporación Universitaria Adventista",2014
Investigador Asociado,Walter Hugo Arboleda Mazo,Masculino,Doctorado,Trabajo dirigido de grado de pregrado,Análisis de Conglomerados y Métodos Factoriales usando R INSTITUCIÓN UNIVERSITARIA DIGITAL DE ANTIOQUIA,2022
Investigador Asociado,Walter Hugo Arboleda Mazo,Masculino,Doctorado,Trabajo dirigido de grado de pregrado,System for Dropout Detection using Machine Learning based on Academic Risk Corporación Universitaria Adventista,2022
Investigador Asociado,Walter Hugo Arboleda Mazo,Masculino,Doctorado,Trabajo dirigido de grado de pregrado,Real Time System for Facial Recognition Based on Deep Learning: A Machine Learning Application Corporación Universitaria Adventista,2022
Investigador Asociado,Walter Hugo Arboleda Mazo,Masculino,Doctorado,Trabajo dirigido de grado de pregrado,Intership at Sophos Solutions S.A.S. Corporación Universitaria Adventista,2022
Investigador Asociado,Walter Hugo Arboleda Mazo,Masculino,Doctorado,Trabajo dirigido de conclusión de curso de perfeccionamiento/especialización,Tejido Empresarial del Departamento de Bolívar: Estudio de Baremación a través de la Analítica de Datos INSTITUCIÓN UNIVERSITARIA DIGITAL DE ANTIOQUIA,2022
Investigador Asociado,Walter Hugo Arboleda Mazo,Masculino,Doctorado,Trabajo dirigido de grado de pregrado,Intership at Talos Digital S.A.S. Corporación Universitaria Adventista,2022
Investigador Asociado,Walter Hugo Arboleda Mazo,Masculino,Doctorado,Trabajo dirigido de grado de pregrado,Business Intelligence Prediction in SMEs based on Machine Learning Models Corporación Universitaria Adventista,2022
Investigador Asociado,Walter Hugo Arboleda Mazo,Masculino,Doctorado,Trabajo dirigido de grado de pregrado,PETI Plan Estratégico de Tecnologías de la Información 2017-2019 Municipio de Bello - Antioquia Corporación Universitaria Adventista,2017
Investigador Asociado,Walter Hugo Arboleda Mazo,Masculino,Doctorado,Trabajo dirigido de grado de pregrado,Internet of Things gateway and cloud architecture for air quality monitoring. Corporación Universitaria Adventista,2018
Investigador Asociado,Walter Hugo Arboleda Mazo,Masculino,Doctorado,Trabajo dirigido de grado de pregrado,Internship at PSL Software Factory Corporación Universitaria Adventista,2018
Investigador Asociado,Walter Hugo Arboleda Mazo,Masculino,Doctorado,Trabajo dirigido de conclusión de curso de perfeccionamiento/especialización,Metodologías Activas: Aprendizaje Basado en Retos Corporación Universitaria Adventista,2020
Investigador Asociado,Walter Hugo Arboleda Mazo,Masculino,Doctorado,Trabajo dirigido de grado de pregrado,Metodología Q.A y nuevos paradigmas en las pruebas del Software INSTITUCIÓN UNIVERSITARIA DE ENVIGADO,2010
Investigador Asociado,Walter Hugo Arboleda Mazo,Masculino,Doctorado,Trabajo dirigido de grado de pregrado,Sistema de Información para Gestión Promoción y Prevención en Salud en los programas de ExpoSalud UNAC Corporación Universitaria Adventista,2017
Investigador Asociado,Walter Hugo Arboleda Mazo,Masculino,Doctorado,Trabajo dirigido de grado de pregrado,"Aplicación para estimular la ""Actividad Física UNAC Saludable"" usando realidad virtual aumentada Corporación Universitaria Adventista",2017
Investigador Asociado,Walter Hugo Arboleda Mazo,Masculino,Doctorado,Trabajo dirigido de grado de pregrado,Sistema de Información para IPS Universitaria Adventista Corporación Universitaria Adventista,2017
Investigador Asociado,Walter Hugo Arboleda Mazo,Masculino,Doctorado,Trabajo dirigido de grado de pregrado,Analisis de Datos en Promoción y Prevención en Salud usando Aprendizaje Automatico Corporación Universitaria Adventista,2017
Investigador Asociado,Walter Hugo Arboleda Mazo,Masculino,Doctorado,Trabajo dirigido de grado de pregrado,Sistema móvil de recomendación para evitar lesiones por uso indebido de máquinas en gimnasios usando realidad aumentada Corporación Universitaria Adventista,2017
Investigador Asociado,Walter Hugo Arboleda Mazo,Masculino,Doctorado,Trabajo dirigido de grado de pregrado,Internship at CLICK IN Software Factory Corporación Universitaria Adventista,2017
Investigador Asociado,Walter Hugo Arboleda Mazo,Masculino,Doctorado,Trabajo dirigido de grado de pregrado,Luisa Fernanda Salazar Espinosa Internship at Salud Drive SAS Corporación Universitaria Adventista,2020
Investigador Asociado,Walter Hugo Arboleda Mazo,Masculino,Doctorado,Trabajo dirigido de grado de pregrado,Telemedicine mobile platform for nursering in enhancing lifestyle change in cardiac patients phase 2 Corporación Universitaria Adventista,2020
Investigador Asociado,Walter Hugo Arboleda Mazo,Masculino,Doctorado,Trabajo dirigido de grado de pregrado,Internship at Consultoría Organizacional SAS Corporación Universitaria Adventista,2020
Investigador Asociado,Walter Hugo Arboleda Mazo,Masculino,Doctorado,Trabajo dirigido de grado de pregrado,Platform for order cycle and finished product warehouse at Vitarrico Food Industries Corporación Universitaria Adventista,2020
Investigador Asociado,Walter Hugo Arboleda Mazo,Masculino,Doctorado,Trabajo dirigido de grado de pregrado,Internship at Softka Technologies and Ceiba Software Corporación Universitaria Adventista,2020
Investigador Asociado,Walter Hugo Arboleda Mazo,Masculino,Doctorado,Trabajo dirigido de grado de pregrado,Internship at Softka Technologies Corporación Universitaria Adventista,2020
Investigador Asociado,Walter Hugo Arboleda Mazo,Masculino,Doctorado,Trabajo dirigido de grado de pregrado,Internship at Cyclops SAS and Softka Technologies Corporación Universitaria Adventista,2020
Investigador Asociado,Walter Hugo Arboleda Mazo,Masculino,Doctorado,Trabajo dirigido de grado de pregrado,Cristhian David Mongui Sánchez Internship at Softka Technologies Corporación Universitaria Adventista,2020
Investigador Asociado,Walter Hugo Arboleda Mazo,Masculino,Doctorado,Trabajo dirigido de grado de pregrado,Luis Miguel Marriaga Montejo Internship at Softka Technologies Corporación Universitaria Adventista,2020
Investigador Asociado,Walter Hugo Arboleda Mazo,Masculino,Doctorado,Trabajo dirigido de grado de pregrado,Andrés Quinto Quinto Internship at Softka Technologies Corporación Universitaria Adventista,2020
Investigador Asociado,Walter Hugo Arboleda Mazo,Masculino,Doctorado,Trabajo dirigido de grado de pregrado,Migration of the IPS-42 ionosonde analysis module into a web application in Python Corporación Universitaria Adventista,2020
Investigador Asociado,Walter Hugo Arboleda Mazo,Masculino,Doctorado,Trabajo dirigido de grado de pregrado,Anngi Stefania Alvarado Bazán Internship at Softka Technologies Corporación Universitaria Adventista,2020
Investigador Asociado,Walter Hugo Arboleda Mazo,Masculino,Doctorado,Trabajo dirigido de grado de pregrado,Internship at Cuemby and Grupo LPA Corporación Universitaria Adventista,2019
Investigador Asociado,Walter Hugo Arboleda Mazo,Masculino,Doctorado,Trabajo dirigido de grado de pregrado,Telemedicine web platform for nursering in enhancing lifestyle change in cardiac patients Corporación Universitaria Adventista,2019
Investigador Asociado,Walter Hugo Arboleda Mazo,Masculino,Doctorado,Trabajo dirigido de grado de pregrado,Use of scalable data mining techniques and supercomputing in health prediction UNIVERSIDAD CATOLICA LUIS AMIGO,2016
Investigador Asociado,Walter Hugo Arboleda Mazo,Masculino,Doctorado,Trabajo dirigido de grado de pregrado,Platform for order cycle at Vitarrico Food Industries Corporación Universitaria Adventista,2019
Investigador Asociado,Walter Hugo Arboleda Mazo,Masculino,Doctorado,Trabajo dirigido de grado de pregrado,Telemedicine mobile platform for nursering in enhancing lifestyle change in cardiac patients Corporación Universitaria Adventista,2019
Investigador Asociado,Walter Hugo Arboleda Mazo,Masculino,Doctorado,Trabajo dirigido de grado de pregrado,Design of Virtual Learning Objects for learning logic and computer programming UNIVERSIDAD CATOLICA LUIS AMIGO,2018
Investigador Asociado,Walter Hugo Arboleda Mazo,Masculino,Doctorado,Trabajo dirigido de grado de pregrado,Ecosystems and tools for DevOps automation and integration in the software life cycle UNIVERSIDAD CATOLICA LUIS AMIGO,2016
Investigador Asociado,Walter Hugo Arboleda Mazo,Masculino,Doctorado,Trabajo dirigido de grado de pregrado,Internship at Ceiba Software House SAS Corporación Universitaria Adventista,2019
Investigador Asociado,Walter Hugo Arboleda Mazo,Masculino,Doctorado,Trabajo dirigido de grado de pregrado,Design of Virtual learning Objects UNIVERSIDAD CATOLICA LUIS AMIGO,2016
Investigador Asociado,Walter Hugo Arboleda Mazo,Masculino,Doctorado,Trabajo dirigido de grado de pregrado,Mobile application recommender system for physical activity based in air quality monitoring with Internet of Things. Corporación Universitaria Adventista,2018
Investigador Asociado,Walter Hugo Arboleda Mazo,Masculino,Doctorado,Trabajo dirigido de grado de pregrado,Internship at Gravital Software Factory Corporación Universitaria Adventista,2018
Investigador Asociado,Walter Hugo Arboleda Mazo,Masculino,Doctorado,Consultoría Científico Tecnológica e Informe Técnico - Servicios de Proyectos de I+D+I,Desarrollar la fase presencial para técnicos sobre creación de repositorios institucionales en la región que le sea asignada y de acuerdo a lo concertado en reuniones para tal fin en Medellín,2011
Investigador Asociado,Walter Hugo Arboleda Mazo,Masculino,Doctorado,Consultoría Científico Tecnológica e Informe Técnico - Servicios de Proyectos de I+D+I,"Estudio de factibilidad de un laboratorio de robótica e informática, de la determinación de sus componentes, especificaciones de montaje, funcionamiento, depreciación de sus activos fijos y los respectivos manuales y reglas de funcionamiento",2008
Investigador Asociado,Walter Hugo Arboleda Mazo,Masculino,Doctorado,Consultoría Científico Tecnológica e Informe Técnico - Servicios de Proyectos de I+D+I,"Consultoria ""Diagnostico de la cadena logistica de la empresa Vitarrico S.A""",2018
Investigador Asociado,Walter Hugo Arboleda Mazo,Masculino,Doctorado,Consultoría Científico Tecnológica e Informe Técnico - Servicios de Proyectos de I+D+I,Consultoria cientifico tecnica para el diseno del Plan de Curso de TIC en Enfermeria Facultad de Salud UNAC,2014
Investigador Asociado,Walter Hugo Arboleda Mazo,Masculino,Doctorado,Consultoría Científico Tecnológica e Informe Técnico - Servicios de Proyectos de I+D+I,Consultoria cientifico tecnica en Gestion de Documentos en la nube COMFAMA,2016
Investigador Asociado,Walter Hugo Arboleda Mazo,Masculino,Doctorado,Consultoría Científico Tecnológica e Informe Técnico - Servicios de Proyectos de I+D+I,Consultoria cientifico tecnica en dispositivos Moviles Android Fundamentos COMFAMA,2016
Investigador Asociado,Walter Hugo Arboleda Mazo,Masculino,Doctorado,Consultoría Científico Tecnológica e Informe Técnico - Servicios de Proyectos de I+D+I,Consultoria cientifico tecnica en Procesos de Inventarios con Microsoft COMFAMA,2016
Investigador Asociado,Walter Hugo Arboleda Mazo,Masculino,Doctorado,Consultoría Científico Tecnológica e Informe Técnico - Servicios de Proyectos de I+D+I,Consultoria cientifico tecnica en Redes sociales en Internet COMFAMA,2016
Investigador Asociado,Walter Hugo Arboleda Mazo,Masculino,Doctorado,Consultoría Científico Tecnológica e Informe Técnico - Servicios de Proyectos de I+D+I,Consultoria cientifico tecnica en Finanzas con Microsoft Excel COMFAMA,2016
Investigador Asociado,Walter Hugo Arboleda Mazo,Masculino,Doctorado,Consultoría Científico Tecnológica e Informe Técnico - Servicios de Proyectos de I+D+I,Consultoria cientifico tecnica en Productividad y Vida Digital para MYPIMES COMFAMA,2016
Investigador Asociado,Walter Hugo Arboleda Mazo,Masculino,Doctorado,Consultoría Científico Tecnológica e Informe Técnico - Servicios de Proyectos de I+D+I,Consultoria cientifico tecnica en Ingles con enfasis en compresion lectora (Seguridad de la informacion) COMFAMA,2016
Investigador Asociado,Walter Hugo Arboleda Mazo,Masculino,Doctorado,Consultoría Científico Tecnológica e Informe Técnico - Servicios de Proyectos de I+D+I,Consultoria cientifico tecnica en Telemedicina Facultad de Salud UNAC,2013
Investigador Asociado,Walter Hugo Arboleda Mazo,Masculino,Doctorado,Consultoría Científico Tecnológica e Informe Técnico - Servicios de Proyectos de I+D+I,Consultoria cientifico tecnica en Servicios en la Nube a COMFAMA,2016
Investigador Asociado,Walter Hugo Arboleda Mazo,Masculino,Doctorado,Consultoría Científico Tecnológica e Informe Técnico - Servicios de Proyectos de I+D+I,"Informe Técnico Diciembre 2015 Desarrollo de prototipo de sistema de información hospitalario integrado, interoperable para instituciones prestadoras de salud bajo la modalidad de telemedicina en el Departamento de Antioquia",2015
Investigador Asociado,Walter Hugo Arboleda Mazo,Masculino,Doctorado,Consultoría Científico Tecnológica e Informe Técnico - Servicios de Proyectos de I+D+I,"Levantamiento, diseño e implementación de las normas de control interno para la gestión de la tecnología de Pensiones Antioquia",2010
Investigador Asociado,Walter Hugo Arboleda Mazo,Masculino,Doctorado,Evento científico,XIV ENCUENTRO INTERNACIONAL VIRTUAL EDUCA COLOMBIA 2013,2013
Investigador Asociado,Walter Hugo Arboleda Mazo,Masculino,Doctorado,Evento científico,CCITA 2014 - VI. Conferencia Conjunta Iberoamericana sobre Tecnologías y Aprendizaje,2014
Investigador Asociado,Walter Hugo Arboleda Mazo,Masculino,Doctorado,Evento científico,3er Encuentro Internacional de e-Ciencia,2015
Investigador Asociado,Walter Hugo Arboleda Mazo,Masculino,Doctorado,Evento científico,Encuentro Nacional de Investigación FUNLAM 2014,2014
Investigador Asociado,Walter Hugo Arboleda Mazo,Masculino,Doctorado,Evento científico,II Encuentro Interno de Semilleros de Investigación UNAC 2013,2013
Investigador Asociado,Walter Hugo Arboleda Mazo,Masculino,Doctorado,Evento científico,XIV Coloquio Panamericano de Investigación en Enfermería,2014
Investigador Asociado,Walter Hugo Arboleda Mazo,Masculino,Doctorado,Evento científico,2º Congreso de Investigación Universitaria de la División Interamericana CIDIA 2016 Oportunidades para la Investigación e Innovación,2016
Investigador Asociado,Walter Hugo Arboleda Mazo,Masculino,Doctorado,Evento científico,2º Congreso de Investigación Universitaria de la División Interamericana CIDIA 2016 Oportunidades para la Investigación e Innovación,2016
Investigador Asociado,Walter Hugo Arboleda Mazo,Masculino,Doctorado,Evento científico,2º Congreso de Investigación Universitaria de la División Interamericana CIDIA 2016 Oportunidades para la Investigación e Innovación,2016
Investigador Asociado,Walter Hugo Arboleda Mazo,Masculino,Doctorado,Evento científico,2º Congreso de Investigación Universitaria de la División Interamericana CIDIA 2016 Oportunidades para la Investigación e Innovación,2016
Investigador Asociado,Walter Hugo Arboleda Mazo,Masculino,Doctorado,Evento científico,XIX Encuentro Nacional de Investigación,2016
Investigador Asociado,Walter Hugo Arboleda Mazo,Masculino,Doctorado,Evento científico,XVII Encuentro Nacional de Investigación FUNLAM 2015,2015
Investigador Asociado,Walter Hugo Arboleda Mazo,Masculino,Doctorado,Evento científico,Workshop Nacional de Investigación en Salud,2016
Investigador Asociado,Walter Hugo Arboleda Mazo,Masculino,Doctorado,Evento científico,XVIII Encuentro Nacional de Investigación,2015
Investigador Asociado,Walter Hugo Arboleda Mazo,Masculino,Doctorado,Evento científico,III Encuentro Interno de Semilleros de Investigación UNAC 2014,2014
Investigador Asociado,Walter Hugo Arboleda Mazo,Masculino,Doctorado,Evento científico,Semana de la Ingeniería Innovando para el Futuro,2014
Investigador Asociado,Walter Hugo Arboleda Mazo,Masculino,Doctorado,Evento científico,XI Internacional de Semilleros de Investigación,2014
Investigador Asociado,Walter Hugo Arboleda Mazo,Masculino,Doctorado,Evento científico,X Encuentro Temático Nacional,2013
Investigador Asociado,Walter Hugo Arboleda Mazo,Masculino,Doctorado,Evento científico,XI Encuentro Temático Nacional XIETN,2014
Investigador Asociado,Walter Hugo Arboleda Mazo,Masculino,Doctorado,Evento científico,XVII Encuentro Nacional de Semilleros de Investigación,2014
Investigador Asociado,Walter Hugo Arboleda Mazo,Masculino,Doctorado,Evento científico,"II Semana de la Tecnología, Creatividad e Innovación",2013
Investigador Asociado,Walter Hugo Arboleda Mazo,Masculino,Doctorado,Evento científico,Conferencia Introducción al Agilismo,2014
Investigador Asociado,Walter Hugo Arboleda Mazo,Masculino,Doctorado,Evento científico,I Encuentro Interno de Semilleros de Investigacion UNAC 2012,2012
Investigador Asociado,Walter Hugo Arboleda Mazo,Masculino,Doctorado,Evento científico,Workshop en Agilismo,2014
Investigador Asociado,Walter Hugo Arboleda Mazo,Masculino,Doctorado,Evento científico,Primer Encuentro de Comunidades de Investigación de la Red Universitaria Antioqueña RUANA,2014
Investigador Asociado,Walter Hugo Arboleda Mazo,Masculino,Doctorado,Evento científico,14th English Language Teaching Conference Managing Complexity and Diversity in Language Teaching,2003
Investigador Asociado,Walter Hugo Arboleda Mazo,Masculino,Doctorado,Evento científico,Primera Conferencia Latinoamericana sobre Bibliotecas y Repositorios Digitales,2011
Investigador Asociado,Walter Hugo Arboleda Mazo,Masculino,Doctorado,Evento científico,VI Encuentro Interno de Semilleros de Investigación UNAC 2017,2017
Investigador Asociado,Walter Hugo Arboleda Mazo,Masculino,Doctorado,Evento científico,XIX Encuentro Nacional de Investigación FUNLAM 2016,2016
Investigador Asociado,Walter Hugo Arboleda Mazo,Masculino,Doctorado,Evento científico,V Encuentro Interno de Semilleros de Investigación UNAC 2016,2016
Investigador Asociado,Walter Hugo Arboleda Mazo,Masculino,Doctorado,Evento científico,Semana de la Investigación UNAC 2016,2016
Investigador Asociado,Walter Hugo Arboleda Mazo,Masculino,Doctorado,Evento científico,IV Encuentro Interno de Semilleros de Investigación UNAC 2015,2015
Investigador Asociado,Walter Hugo Arboleda Mazo,Masculino,Doctorado,Evento científico,Semana de la Investigación UNAC 2017,2017
Investigador Asociado,Walter Hugo Arboleda Mazo,Masculino,Doctorado,Evento científico,Workshop Nacional de Investigación en Salud,2016
Investigador Asociado,Walter Hugo Arboleda Mazo,Masculino,Doctorado,Evento científico,Workshop Nacional de Investigación en Salud,2016
Investigador Asociado,Walter Hugo Arboleda Mazo,Masculino,Doctorado,Evento científico,"I Encuentro Internacional ""Experiencias de Cuidado en Salud Familiar y Comunitaria",2016
Investigador Asociado,Walter Hugo Arboleda Mazo,Masculino,Doctorado,Evento científico,2do CIAT Congreso Internacional Adventista de Tecnologías,2017
Investigador Asociado,Walter Hugo Arboleda Mazo,Masculino,Doctorado,Evento científico,VII Encuentro Interno de Semilleros de Investigación UNAC 2018,2018
Investigador Asociado,Walter Hugo Arboleda Mazo,Masculino,Doctorado,Evento científico,"XVII Encuentro Departamental de Semilleros de InvestigaciÃ³n RedCOLSI Nodo Antioquia Mayo 9,10 y 11 de 2018",2018
Investigador Asociado,Walter Hugo Arboleda Mazo,Masculino,Doctorado,Evento científico,IBM Challenge #bluecode2018,2018
Investigador Asociado,Walter Hugo Arboleda Mazo,Masculino,Doctorado,Evento científico,EXPOTECH 2018 III Encuentro de Ciencias BÃ¡sicas,2018
Investigador Asociado,Walter Hugo Arboleda Mazo,Masculino,Doctorado,Evento científico,I Encuentro Institucional de Resultados y Experiencias de InvestigaciÃ³n,2021
Investigador Asociado,Walter Hugo Arboleda Mazo,Masculino,Doctorado,Evento científico,1er Simposio internacional de Publicidad y Marketing,2022
Investigador Asociado,Walter Hugo Arboleda Mazo,Masculino,Doctorado,Evento científico,"1er. Coloquio Internacional de PolÃ­ticas PÃºblicas, Planes, Programas y Proyectos de Desarrollo",2021
Investigador Asociado,Walter Hugo Arboleda Mazo,Masculino,Doctorado,Evento científico,1ra Feria Internacional de Emprendimiento: un encuentro de ideas para el desarrollo sostenible,2021
Investigador Asociado,Walter Hugo Arboleda Mazo,Masculino,Doctorado,Evento científico,XIII Congreso Internacional de AdministraciÃ³n. Repensando la OrganizaciÃ³n,2021
Investigador Asociado,Walter Hugo Arboleda Mazo,Masculino,Doctorado,Evento científico,Webinar: Big Data IntroducciÃ³n al Aprendizaje Supervisado,2021
Investigador Asociado,Walter Hugo Arboleda Mazo,Masculino,Doctorado,Evento científico,16 Taller Internacional de RegulaciÃ³n Desafios - Smart Cities y GovTech: TIC para la ConstrucciÃ³n de Ciudades del Futuro,2021
Investigador Asociado,Walter Hugo Arboleda Mazo,Masculino,Doctorado,Evento científico,I Simposio Publicidad y Mercadeo Digital,2022
Investigador Asociado,Walter Hugo Arboleda Mazo,Masculino,Doctorado,Evento científico,IV Encuentro AcadÃ©mico y Empresarial sobre Ãtica y Negocios: Liderazgo Servidor en las Organizaciones,2021
Investigador Asociado,Walter Hugo Arboleda Mazo,Masculino,Doctorado,Evento científico,I Encuentro Latinoamericano de Experiencias Investigativas,2022
Investigador Asociado,Walter Hugo Arboleda Mazo,Masculino,Doctorado,Evento científico,"STIC-AmSud ""ICT Applied to Health:COVID-19""",2020
Investigador Asociado,Walter Hugo Arboleda Mazo,Masculino,Doctorado,Evento científico,XVIII Encuentro Departamental de Semilleros de InvestigaciÃ³n RedCOLSI Nodo Antioquia 2019,2019
Investigador Asociado,Walter Hugo Arboleda Mazo,Masculino,Doctorado,Evento científico,"III SEMANA DE LA CIENCIA, TECNOLOGÃA E INNOVACIÃN",2019
Investigador Asociado,Walter Hugo Arboleda Mazo,Masculino,Doctorado,Evento científico,VIII Encuentro Interno de Semilleros de InvestigaciÃ³n UNAC 2019,2019
Investigador Asociado,Walter Hugo Arboleda Mazo,Masculino,Doctorado,Evento científico,3rd Universities of the Inter-American Division Research Conference,2019
Investigador Asociado,Walter Hugo Arboleda Mazo,Masculino,Doctorado,Evento científico,VIII Encuentro Interno de Semilleros de InvestigaciÃ³n UNAC 2018,2018
Investigador Asociado,Walter Hugo Arboleda Mazo,Masculino,Doctorado,Artículo,Ethernet la tecnologÃ­a mas recomendable para LANs,2005
Investigador Asociado,Walter Hugo Arboleda Mazo,Masculino,Doctorado,Artículo,Compendio SDH Synchronous Digital Hierarchy,2001
Investigador Asociado,Walter Hugo Arboleda Mazo,Masculino,Doctorado,Artículo,DiseÃ±o de una red privada virtual PC to LAN para la FundaciÃ³n Universitaria Maria Cano,2005
Investigador Asociado,Walter Hugo Arboleda Mazo,Masculino,Doctorado,Artículo,xDSL Â¿ RDSI Â¿ CATV comparativa - ventajas y desventajas,2004
Investigador Asociado,Walter Hugo Arboleda Mazo,Masculino,Doctorado,Artículo,Modelo de GestiÃ³n de Nuevos Servicios para Redes de Fibra Optica en Empresas Operadoras de Telecomunicaciones,2002
Investigador Asociado,Walter Hugo Arboleda Mazo,Masculino,Doctorado,Artículo,Oportunidades y desafÃ­os: una mirada holÃ­stica a las iniciativas y proyectos en curso para ciudades inteligentes en Colombia y MedellÃ­n,2019
Investigador Asociado,Walter Hugo Arboleda Mazo,Masculino,Doctorado,Artículo,Tejido empresarial del departamento de BolÃ­var: baremaciÃ³n a travÃ©s de la analÃ­tica de datos,2022
Investigador Asociado,Walter Hugo Arboleda Mazo,Masculino,Doctorado,Artículo,"Los Modelos FCAPS y TMN, su aplicacion en redes corporativas y redes de telecomunicaciones - su porque - diferencias y semejanzas",2007
Investigador Asociado,Walter Hugo Arboleda Mazo,Masculino,Doctorado,Artículo,"Soluciones para Seguridad en Redes, sus aportes en la autenticacion, integridad, confidencialidad, disponibilidad y no repudio",2007
Investigador Asociado,Walter Hugo Arboleda Mazo,Masculino,Doctorado,Artículo,MotivaciÃ³n de Estudiantes de IngenierÃ­a en InformÃ¡tica con Ãnfasis en IngenierÃ­a de Software: Un estudio en Universidades Latinoamericanas,2020
Investigador Asociado,Walter Hugo Arboleda Mazo,Masculino,Doctorado,Artículo,Soluciones TecnolÃ³gicas para la PromociÃ³n de Estilo de Vida Saludable en una InstituciÃ³n Educativa: Una experiencia de trabajo interdisciplinario,2018
Investigador Asociado,Walter Hugo Arboleda Mazo,Masculino,Doctorado,Artículo,Un Acercamiento a Datos Abiertos en Salud y su Estado actual en Colombia,2018
Investigador Asociado,Walter Hugo Arboleda Mazo,Masculino,Doctorado,Libro,DevOps GestiÃ³n del Ciclo de Vida del Software con open source,2016
Investigador Asociado,Walter Hugo Arboleda Mazo,Masculino,Doctorado,Libro,Planteamiento de arquitectura tecnolÃ³gica para datos abiertos gubernamentales usando CKAN,2017
Investigador Asociado,Walter Hugo Arboleda Mazo,Masculino,Doctorado,Libro,Manifiesto Por La ProfesionalizaciÃ³n Del Desarrollo De Software,2013
Investigador Asociado,Walter Hugo Arboleda Mazo,Masculino,Doctorado,Capítulos de libro,La IngenierÃ­a del Software en la historia,2013
Investigador Asociado,Walter Hugo Arboleda Mazo,Masculino,Doctorado,Capítulos de libro,ImplementaciÃ³n de una Arquitectura Open Health Data para la GestiÃ³n y Consumo de Datos de Salud,2016
Investigador Asociado,Walter Hugo Arboleda Mazo,Masculino,Doctorado,Capítulos de libro,Propuesta de una AplicaciÃ³n Web para RecolecciÃ³n de Datos de Colegios Adventistas en Colombia,2016
Investigador Asociado,Walter Hugo Arboleda Mazo,Masculino,Doctorado,Capítulos de libro,Prototipo de OVA para el Aprendizaje de Vectores y Matrices,2016
Investigador Asociado,Walter Hugo Arboleda Mazo,Masculino,Doctorado,Capítulos de libro,AplicaciÃ³n mÃ³vil para la Adquisicion de Habitos Saludables en 8 Semanas: Experiencia y Proyecciones,2016
Investigador Asociado,Walter Hugo Arboleda Mazo,Masculino,Doctorado,Capítulos de libro,Fortalecimiento espiritual con las bienaventuranzas usando realidad aumentada,2017
Investigador Asociado,Walter Hugo Arboleda Mazo,Masculino,Doctorado,Capítulos de libro,Uso de realidad aumentada en el proceso de aprendizaje de las figuras geomÃ©tricas en un grupo de estudiantes del pregrado en IngenierÃ­a de Sistemas de la CorporaciÃ³n Universitaria Adventista,2017
Investigador Asociado,Walter Hugo Arboleda Mazo,Masculino,Doctorado,Capítulos de libro,"Una Propuesta para el Mejoramiento en el AnÃ¡lisis, ExportaciÃ³n y DiseminaciÃ³n de IonogrÃ¡mas Digitales desde la Sonda IPS-42",2023
Investigador Asociado,Walter Hugo Arboleda Mazo,Masculino,Doctorado,Capítulos de libro,Experiencia en el Uso de Datos Abiertos de PromociÃ³n de Salud en una InstituciÃ³n Universitaria para el Fortalecimiento de las Estrategias de ProyecciÃ³n Social,2023
Investigador Asociado,Walter Hugo Arboleda Mazo,Masculino,Doctorado,Capítulos de libro,Una Experiencia de AnÃ¡lisis de la Calidad de Datos en el Campo de la Salud PÃºblica,2023
Investigador Asociado,Walter Hugo Arboleda Mazo,Masculino,Doctorado,Capítulos de libro,Propuesta para el Fortalecimiento de la InvestigaciÃ³n en Programas de Pregrado: Una Experiencia desde la Facultad de IngenierÃ­a,2023
Investigador Asociado,Walter Hugo Arboleda Mazo,Masculino,Doctorado,Capítulos de libro,Propuesta para el Mejoramiento del Ciclo del Pedido en una Empresa Alimenticia,2023
Investigador Asociado,Walter Hugo Arboleda Mazo,Masculino,Doctorado,Capítulos de libro,MetodologÃ­a Activa: Aprendizaje Basado en Retos,2022
Investigador Asociado,Walter Hugo Arboleda Mazo,Masculino,Doctorado,Documento de trabajo,EnseÃ±anza y Aprendizaje con la Internet,2003
Investigador Asociado,Walter Hugo Arboleda Mazo,Masculino,Doctorado,Documento de trabajo,Comercio ElectrÃ³nico para pequeÃ±as y medianas empresas en Colombia una cuestiÃ³n de paradigmas,2002
Investigador Asociado,Walter Hugo Arboleda Mazo,Masculino,Doctorado,Documento de trabajo,"La AdministraciÃ³n InformÃ¡tica en la OrganizaciÃ³n del Siglo XXI,",2003
Investigador Asociado,Walter Hugo Arboleda Mazo,Masculino,Doctorado,Documento de trabajo,Auditoria InformÃ¡tica Aplicada,2003
Investigador Asociado,Walter Hugo Arboleda Mazo,Masculino,Doctorado,Documento de trabajo,Sistemas Expertos vs Sistemas Tradicionales,2003
Investigador Asociado,Walter Hugo Arboleda Mazo,Masculino,Doctorado,Documento de trabajo,La Casa Inteligente,2004
Investigador Asociado,Walter Hugo Arboleda Mazo,Masculino,Doctorado,Documento de trabajo,Monitoreo y Control Satelital,2006
Investigador Asociado,Walter Hugo Arboleda Mazo,Masculino,Doctorado,Documento de trabajo,UML y OMT MetodologÃ­as Orientadas a Objetos,2008
Investigador Asociado,Walter Hugo Arboleda Mazo,Masculino,Doctorado,Documento de trabajo,La AdministraciÃ³n de Proyectos,2008
Investigador Asociado,Walter Hugo Arboleda Mazo,Masculino,Doctorado,Documento de trabajo,El Poder del Solver,2007
Investigador Asociado,Walter Hugo Arboleda Mazo,Masculino,Doctorado,Documento de trabajo,Algoritmos Inteligentes y Metodos de Busqueda,2008
Investigador Asociado,Walter Hugo Arboleda Mazo,Masculino,Doctorado,Documento de trabajo,Los Ambientes Virtuales aplicados a la educacion en Colombia,2007
Investigador Asociado,Walter Hugo Arboleda Mazo,Masculino,Doctorado,Documento de trabajo,Analisis del producto final de los ciclos propedeuticos en las facultades de ingenieria en Antioquia,2008
Investigador Asociado,Walter Hugo Arboleda Mazo,Masculino,Doctorado,Documento de trabajo,Creating Massive Online Open Courses for Higher Education in Colombia,2013
Investigador Asociado,Walter Hugo Arboleda Mazo,Masculino,Doctorado,Documento de trabajo,A new proposal for modeling software architecture,2013
Investigador Asociado,Walter Hugo Arboleda Mazo,Masculino,Doctorado,Documento de trabajo,Analysis of requirements engineering in software agile methods,2014
Investigador Asociado,Walter Hugo Arboleda Mazo,Masculino,Doctorado,Documento de trabajo,The TMMi standard in the software testing industry,2014
Investigador Asociado,Walter Hugo Arboleda Mazo,Masculino,Doctorado,Documento de trabajo,Automatic robots using detection lines and border corners algorithms,2011
Investigador Asociado,Walter Hugo Arboleda Mazo,Masculino,Doctorado,Documento de trabajo,A comparative design between Kruchten and Woods Architectural Viewpoints,2013
Investigador Asociado,Walter Hugo Arboleda Mazo,Masculino,Doctorado,Documento de trabajo,"Sponsorship from the government to promote using CMMi, PSP and TSP standards in the software industry in Colombia",2014
Investigador Asociado,Walter Hugo Arboleda Mazo,Masculino,Doctorado,Documento de trabajo,Using neuronal networks and genetic algorithms in medical predictions,2013
Investigador Asociado,Walter Hugo Arboleda Mazo,Masculino,Doctorado,Documento de trabajo,"Services,Projects and Communities in the European NRENs",2014
Investigador Asociado,Walter Hugo Arboleda Mazo,Masculino,Doctorado,Documento de trabajo,National Research and Education Networks in South America,2013
Investigador Asociado,Walter Hugo Arboleda Mazo,Masculino,Doctorado,Documento de trabajo,CANARIE and Internet2 in North America,2014
Investigador Asociado,Walter Hugo Arboleda Mazo,Masculino,Doctorado,Documento de trabajo,"Designing, Developing and Evaluating Virtual Learning Objects",2014
Investigador Asociado,Walter Hugo Arboleda Mazo,Masculino,Doctorado,Documento de trabajo,Using Supercomputing and Scientific Data in Health Analysis in Colombia,2014
Investigador Asociado,Walter Hugo Arboleda Mazo,Masculino,Doctorado,Documento de trabajo,Adoption of software quality standards in the software industry in MedellÃ­n,2012
Investigador Asociado,Walter Hugo Arboleda Mazo,Masculino,Doctorado,Documento de trabajo,New background and frontground framewoks used in software development,2014
Investigador Asociado,Walter Hugo Arboleda Mazo,Masculino,Doctorado,Documento de trabajo,Design of a MOOC on Software Engineering Learning,2013
Investigador Asociado,Walter Hugo Arboleda Mazo,Masculino,Doctorado,Documento de trabajo,Developing an Expert System Using Microsoft.NET and Clips.,2014
Investigador Asociado,Walter Hugo Arboleda Mazo,Masculino,Doctorado,Documento de trabajo,Using expert systems in industrial process automatization,2012
Investigador Asociado,Walter Hugo Arboleda Mazo,Masculino,Doctorado,Documento de trabajo,Quality Concepts of Learning Objects,2013
Investigador Asociado,Walter Hugo Arboleda Mazo,Masculino,Doctorado,Documento de trabajo,Use of Augmented Reality in the Learning Process of Geometrical Shapes,2017
Investigador Asociado,Walter Hugo Arboleda Mazo,Masculino,Doctorado,Documento de trabajo,Spiritual Strengthening with Beatitudes using Augmented Reality,2017
Investigador Asociado,Walter Hugo Arboleda Mazo,Masculino,Doctorado,Documento de trabajo,Information Technology Strategic Plan - City of Bello,2018
Investigador Asociado,Walter Hugo Arboleda Mazo,Masculino,Doctorado,Documento de trabajo,Document Use of lego mindstorms EV3 for teaching projectile motion at the Icolven High School - Phase 2,2019
Investigador Asociado,Walter Hugo Arboleda Mazo,Masculino,Doctorado,Documento de trabajo,Experience in the use of Open Data on Health Promotion in a University Institution to Strengthen Social Projection Strategies,2021
Investigador Asociado,Walter Hugo Arboleda Mazo,Masculino,Doctorado,Documento de trabajo,Proposal for Strengthening Research in Undergraduate Programs: An Experience from the Faculty of Engineering,2021
Investigador Asociado,Walter Hugo Arboleda Mazo,Masculino,Doctorado,Documento de trabajo,State of the Art of Mobile Applications Use as An Strategy for Healthcare Promotion in Healthy Universities,2019
Investigador Asociado,Walter Hugo Arboleda Mazo,Masculino,Doctorado,Documento de trabajo,Cardiopulmonary Resuscitation Simulator Using Virtual Reality,2018
Investigador Asociado,Walter Hugo Arboleda Mazo,Masculino,Doctorado,Documento de trabajo,Document Mobile app to diminish mobile phone use while driving using App inventor - Phase 2,2019
Investigador Asociado,Walter Hugo Arboleda Mazo,Masculino,Doctorado,Documento de trabajo,Architectural Proposal using Microservices for Order Cycle Management in Industrias Alimenticias Vitarrico,2021
Investigador Asociado,Walter Hugo Arboleda Mazo,Masculino,Doctorado,Documento de trabajo,Analysis of Technology Adoption Models for Business Digital Transformation and its Application in the Adoption of Business Intelligence,2021
Investigador Asociado,Walter Hugo Arboleda Mazo,Masculino,Doctorado,Documento de trabajo,Active Methodologies: Challenge-Based Learning,2021
Investigador Asociado,Walter Hugo Arboleda Mazo,Masculino,Doctorado,Documento de trabajo,Diagnosis and Monitoring of Physical Activity using the Internet of Things,2021
Investigador Asociado,Walter Hugo Arboleda Mazo,Masculino,Doctorado,Documento de trabajo,Reducing travel time in the public transportation system using an IoT architecture in MedellÃ­n City using small things in vehicles,2016
Investigador Asociado,Walter Hugo Arboleda Mazo,Masculino,Doctorado,Documento de trabajo,Supply chain management integration: study for open source platform adoption in a food company,2019
Investigador Asociado,Walter Hugo Arboleda Mazo,Masculino,Doctorado,Documento de trabajo,Agriculture and smart farming platform as a tool for sustainable development in times of peace in Colombia,2018
Investigador Asociado,Walter Hugo Arboleda Mazo,Masculino,Doctorado,Documento de trabajo,Platform to Strenght Virtual Education in the Department of Antioquia Colombia,2018
Investigador Asociado,Walter Hugo Arboleda Mazo,Masculino,Doctorado,Documento de trabajo,"Estudio de caso mejoramiento en el anÃ¡lisis, exportaciÃ³n y diseminaciÃ³n de ionogramas digitales a un repositorio de datos cientÃ­ficos abiertos desde la sonda IPS",2020
Investigador Asociado,Walter Hugo Arboleda Mazo,Masculino,Doctorado,Documento de trabajo,Document Design and implementation of a prototype based in Raspberry Pi y Arduino platforms in order to diminish the lights electrical consumtion in the software develoment laboratory at the Bolivar Rave building at the Adventist University in Colombia,2019
Investigador Asociado,Walter Hugo Arboleda Mazo,Masculino,Doctorado,Documento de trabajo,Fortaleciendo la formaciÃ³n integral de ingenieros de sistemas a travÃ©s de proyecto integrador,2020
Investigador Asociado,Walter Hugo Arboleda Mazo,Masculino,Doctorado,Documento de trabajo,Document Design and implementation of an automatic micro-irrigation system for watermelon crops in the municipality of Puerto LÃ³pez at department of Meta (Colombia),2019
Investigador Asociado,Walter Hugo Arboleda Mazo,Masculino,Doctorado,Documento de trabajo,Migration of the IPS-42 ionosonde analysis module into a web application in Python,2020
Investigador Asociado,Walter Hugo Arboleda Mazo,Masculino,Doctorado,Documento de trabajo,TransformaciÃ³n del Proceso LogÃ­stico Aplicando Internet de las Cosas y AnalÃ­tica de Datos,2018
Investigador Asociado,Walter Hugo Arboleda Mazo,Masculino,Doctorado,Documento de trabajo,Document Teaching adults CPR in a group of students of Prehospital Care at the Colombian Adventist University using augmented reality,2019
Investigador Asociado,Walter Hugo Arboleda Mazo,Masculino,Doctorado,Documento de trabajo,Proposal for a science data catalog for the IPS-42 ionosonde using CKAN,2020
Investigador Asociado,Walter Hugo Arboleda Mazo,Masculino,Doctorado,Documento de trabajo,Document Process to improve the angles learning of 10th-grade students in the Icolven High School - Phase 2,2019
Investigador Asociado,Walter Hugo Arboleda Mazo,Masculino,Doctorado,Documento de trabajo,MotivaciÃ³n de Estudiantes de IngenierÃ­a en InformÃ¡tica con Ãnfasis en IngenierÃ­a de Software: Un estudio en Universidades Latinoamericanas,2019
Investigador Asociado,Walter Hugo Arboleda Mazo,Masculino,Doctorado,Documento de trabajo,From SNMP Protococol to IoT Protocols to control modern networks server nodes in Smart Cities,2015
Investigador Asociado,Walter Hugo Arboleda Mazo,Masculino,Doctorado,Documento de trabajo,Energy harvesting Proposal architecture using IoT in MedellÃ­n City,2017
Investigador Asociado,Walter Hugo Arboleda Mazo,Masculino,Doctorado,Documento de trabajo,Una Experiencia de Uso de Datos Abiertos en una Comunidad Universitaria,2019
Investigador Asociado,Walter Hugo Arboleda Mazo,Masculino,Doctorado,Documento de trabajo,Opportunities and Challenges: A Holistic Approach to the Initiatives and Ongoing Projects for Smart Cities in Colombia,2019
Investigador Asociado,Walter Hugo Arboleda Mazo,Masculino,Doctorado,Documento de trabajo,Design of a mobile app for order cycle logistics management in Vitarrico S.A. food company,2019
Investigador Asociado,Walter Hugo Arboleda Mazo,Masculino,Doctorado,Documento de trabajo,A proposal for the strengthening of research in undergraduate programmes: An experience from the faculty of Engineering,2019
Investigador Asociado,Walter Hugo Arboleda Mazo,Masculino,Doctorado,Documento de trabajo,Augmented reality a new learning strategy for the learning of the geometrical figures in a computer science students group at the Colombian Adventist,2018
Investigador Asociado,Walter Hugo Arboleda Mazo,Masculino,Doctorado,Documento de trabajo,Using Lego Mindstorm for control structures learning in a computer science student group at the Colombian Adventist University,2018
Investigador Asociado,Walter Hugo Arboleda Mazo,Masculino,Doctorado,Software,Plataforma para GestiÃ³n del Ciclo de Pedido,2020
Investigador Asociado,Walter Hugo Arboleda Mazo,Masculino,Doctorado,Software,Sistema de recomendaciÃ³n de actividad fÃ­sica usando Internet de las Cosas,2020
Investigador Asociado,Walter Hugo Arboleda Mazo,Masculino,Doctorado,Software,Plataforma para la gestiÃ³n de proyectos integradores del programa de ingenierÃ­a de sistemas de la corporaciÃ³n universitaria adventista,2022
Investigador Asociado,Walter Hugo Arboleda Mazo,Masculino,Doctorado,Software,AplicaciÃ³n mÃ³vil SION estudiantes de la corporaciÃ³n universitaria adventista,2022
Investigador Asociado,Walter Hugo Arboleda Mazo,Masculino,Doctorado,Software,APLICACION WEB PARA DIAGNOSTICOS DEL ESTILO DE VIDA,2017
Investigador Asociado,Walter Hugo Arboleda Mazo,Masculino,Doctorado,Software,Aplicacion movil para el aprendizaje del santuario-AppSantuario,2018
Investigador Asociado,Walter Hugo Arboleda Mazo,Masculino,Doctorado,Software,SISTEMA PARA GESTION DE DOCENTES Y COLEGIOS DE LAS ASOCIACIONES Y UNIONES ADVENTISTAS,2016
Investigador Asociado,Walter Hugo Arboleda Mazo,Masculino,Doctorado,Software,APLICATIVO WEB PARA GESTION DEL LABORATORIO DE FISICA Y ELECTRONICA DE LA FACULTAD DE INGENIERIA UNAC,2017
Investigador Asociado,Walter Hugo Arboleda Mazo,Masculino,Doctorado,Software,OBJETO VIRTUAL PARA EL APRENDIZAJE DE VECTORES Y MATRICES,2016
Investigador Asociado,Walter Hugo Arboleda Mazo,Masculino,Doctorado,Software,APLICACION MOVIL ANDROID PROGRAMA DE LAS OCHO SEMANAS,2016
Investigador Asociado,Walter Hugo Arboleda Mazo,Masculino,Doctorado,Software,SISTEMA DE ACREDITACIÃN INSTITUCIONAL FACTOR ESTUDIANTES,2016
Investigador Asociado,Walter Hugo Arboleda Mazo,Masculino,Doctorado,Software,APLICACION WEB PARA GESTION DEL PROGRAMA DE LAS OCHO SEMANAS,2016
Investigador Asociado,Walter Hugo Arboleda Mazo,Masculino,Doctorado,Software,Plataforma para la gestiÃ³n y acompaÃ±amiento de capellanÃ­a institucional de la corporaciÃ³n universitaria adventista,2023
Investigador Asociado,Walter Hugo Arboleda Mazo,Masculino,Doctorado,Software,Plataforma del Consultorio Empresarial en LogÃ­stica de la CorporaciÃ³n Universitaria Adventista,2023
Investigador Asociado,Walter Hugo Arboleda Mazo,Masculino,Doctorado,Innovación de proceso o procedimiento,Innovacion en Proceso Normas Proyectos de Grado Facultad de Ingenieria-UNAC,2014
Investigador Asociado,Walter Hugo Arboleda Mazo,Masculino,Doctorado,Innovación de proceso o procedimiento,Innovacion en Proceso Objeto Virtual para el Aprendizaje de Vectores y Matrices,2016
Investigador Asociado,Walter Hugo Arboleda Mazo,Masculino,Doctorado,Innovación de proceso o procedimiento,Innovacion en Proceso Sistema para GestiÃ³n de Docentes y Colegios de las Asociaciones y Uniones Adventistas,2016
Investigador Asociado,Walter Hugo Arboleda Mazo,Masculino,Doctorado,Innovación de proceso o procedimiento,Innovacion en Proceso Aplicativo Web para GestiÃ³n del Laboratorio de Fisica y Electronica de la Facultad de Ingenieria UNAC,2015
Investigador Asociado,Walter Hugo Arboleda Mazo,Masculino,Doctorado,Innovación de proceso o procedimiento,Innovacion en Proceso Aplicacion Web para Gestion del programa de las Ocho Semanas para mejorar su estilo de vida,2016
Investigador Asociado,Walter Hugo Arboleda Mazo,Masculino,Doctorado,Innovación de proceso o procedimiento,Innovacion en Proceso AplicaciÃ³n Movil Android Programa de las Ocho Semanas para mejorar su estilo de vida,2016
Investigador Asociado,Walter Hugo Arboleda Mazo,Masculino,Doctorado,Innovación de proceso o procedimiento,Innovacion en Proceso Normas Proyectos de Grado Facultad de Ingenieria-UNAC,2016
Investigador Asociado,Walter Hugo Arboleda Mazo,Masculino,Doctorado,Innovación de proceso o procedimiento,Innovacion en Proceso Formatos y Reglamento Pasantias FI,2016
Investigador Asociado,Walter Hugo Arboleda Mazo,Masculino,Doctorado,Informe técnico,Informe Tecnico PromociAn y PrevenciAn de Enfermedades CrAnicas no transmisibles para el Departamento de Antioquia acorde a los Lineamientos Establecidos por la OMS y la OPS (Mayo 2019),2019
Investigador Asociado,Walter Hugo Arboleda Mazo,Masculino,Doctorado,Informe técnico,Informe TAcnico Proyecto DCS-FI-Salud (Diciembre 2019),2019
Investigador Asociado,Walter Hugo Arboleda Mazo,Masculino,Doctorado,Informe técnico,Informe TAcnico Proyecto FI-Vitarrico (Diciembre 2019),2019
Investigador Asociado,Walter Hugo Arboleda Mazo,Masculino,Doctorado,Informe técnico,Informe Tecnico PromociAn y PrevenciAn de Enfermedades CrAnicas no transmisibles para el Departamento de Antioquia acorde a los Lineamientos Establecidos por la OMS y la OPS (Mayo 2017),2017
Investigador Asociado,Walter Hugo Arboleda Mazo,Masculino,Doctorado,Informe técnico,Informe Tecnico PromociAn y PrevenciAn de Enfermedades CrAnicas no transmisibles para el Departamento de Antioquia acorde a los Lineamientos Establecidos por la OMS y la OPS (Mayo 2016),2016
Investigador Asociado,Walter Hugo Arboleda Mazo,Masculino,Doctorado,Informe técnico,Informe Tecnico PromociAn y PrevenciAn de Enfermedades CrAnicas no transmisibles para el Departamento de Antioquia acorde a los Lineamientos Establecidos por la OMS y la OPS (Mayo 2018),2018
Investigador Asociado,Walter Hugo Arboleda Mazo,Masculino,Doctorado,Informe técnico,Informe Tecnico del Proyecto DiseAo de una Estructura de DigitalizaciAn en la cadena LogAstica de la Empresa Vitarrico S.A.(Mayo 2019),2019
Investigador Asociado,Walter Hugo Arboleda Mazo,Masculino,Doctorado,Informe técnico,M101PR03F09 Formato Informe TAcnico Final de Programas y Proyectos de CTeI V00 Prototipo de objetos virtuales de aprendizaje para el aprendizaje de la lAgica de programaciAn en Colombia Contrato No. 0754 de 2013 COLCIENCIAS,2014
Investigador Asociado,Walter Hugo Arboleda Mazo,Masculino,Doctorado,Informe técnico,M101PR03F09 Formato Informe TAcnico Final de Programas y Proyectos de CTeI V00 - AplicaciAn mAvil para el cuidado de la salud Contrato No. 0754 de 2013 COLCIENCIAS,2014
Investigador Asociado,Walter Hugo Arboleda Mazo,Masculino,Doctorado,Informes finales de investigación, Informe de InvestigaciÃ³n Diciembre 2014 Programa de Promocion y Prevencion de Enfermedades Cronicas no Trasmisibles para El Departamento De Antioquia acorde A Los Lineamientos Establecidos por La OMG Y La OPS ,2014
Investigador Asociado,Walter Hugo Arboleda Mazo,Masculino,Doctorado,Informes finales de investigación, Informe de InvestigaciÃ³n Base de Conocimiento sobre Buenas PrÃ¡cticas en Redes Avanzadas ,2013
Investigador Asociado,Walter Hugo Arboleda Mazo,Masculino,Doctorado,Informes finales de investigación," Informe de InvestigaciÃ³n Diciembre 2015 Desarrollo de prototipo de sistema de informaciÃ³n hospitalario integrado, interoperable para instituciones prestadoras de salud bajo la modalidad de telemedicina en el Departamento de Antioquia ",2015
Investigador Asociado,Walter Hugo Arboleda Mazo,Masculino,Doctorado,Informes finales de investigación, Informe de InvestigaciÃ³n Enero 2016 Programa de Promocion y Prevencion de Enfermedades Cronicas no Trasmisibles para El Departamento De Antioquia acorde A Los Lineamientos Establecidos por La OMG Y La OPS ,2016
Investigador Asociado,Walter Hugo Arboleda Mazo,Masculino,Doctorado,Informes finales de investigación, Informe de InvestigaciÃ³n Junio 2017 Programa de Promocion y Prevencion de Enfermedades Cronicas no Trasmisibles para El Departamento de Antioquia acorde A Los Lineamientos Establecidos por La OMG Y La OPS ,2017
Investigador Asociado,Walter Hugo Arboleda Mazo,Masculino,Doctorado,Investigación y desarrollo,AUsted puede salvar una vidaA GuAa de Procedimientos de EnfermerAa en RCP en poblaciAn mayor de 18 aAos usando realidad aumentada,2016
Investigador Asociado,Walter Hugo Arboleda Mazo,Masculino,Doctorado,"Investigación, desarrollo e Innovación",Business Intelligence Adoption in an SME Food Company in Colombia,2024
Investigador Asociado,Walter Hugo Arboleda Mazo,Masculino,Doctorado,"Investigación, desarrollo e Innovación",Data Engineering and Implementation of a Business Intelligence Infrastructure for a Commercial SME in Colombia,2024
Investigador Asociado,Walter Hugo Arboleda Mazo,Masculino,Doctorado,"Investigación, desarrollo e Innovación","Design and Implementation of a Small Data Infrastructure for the Analysis of the Accounting, Financial and Commercial Information of a SME in MonterAa (Colombia)",2024
Investigador Asociado,Walter Hugo Arboleda Mazo,Masculino,Doctorado,Investigación y desarrollo,Proyecto Integrador como estrategia incremental e integradora para la enseAanza de la ingenierAa del software,2024
Investigador Asociado,Walter Hugo Arboleda Mazo,Masculino,Doctorado,Investigación y desarrollo,"Mejoramiento en el anAlisis, exportaciAn y diseminaciAn de ionogramas digitales a un repositorio de datos cientAficos abiertos desde la sonda IPS-42",2024
Investigador Asociado,Walter Hugo Arboleda Mazo,Masculino,Doctorado,"Investigación, desarrollo e Innovación",DiseAo de una estructura de digitalizaciAn en la cadena logAstica de la empresa Vitarrico S.A,2024
Investigador Asociado,Walter Hugo Arboleda Mazo,Masculino,Doctorado,"Investigación, desarrollo e Innovación",Use of lego mindstorms EV3 for teaching projectile motion at the Icolven High School - Phase 2,2024
Investigador Asociado,Walter Hugo Arboleda Mazo,Masculino,Doctorado,Investigación y desarrollo,Mobile app to diminish mobile phone use while driving using App inventor - Phase 2,2024
Investigador Asociado,Walter Hugo Arboleda Mazo,Masculino,Doctorado,"Investigación, desarrollo e Innovación",Mobile applications an strategy for healthcare promotion in healthy universities,2024
Investigador Asociado,Walter Hugo Arboleda Mazo,Masculino,Doctorado,"Investigación, desarrollo e Innovación",Design and implementation of a prototype based in Raspberry Pi and Arduino platforms in order to diminish the lights electrical consumtion in the software develoment laboratory at the Bolivar Rave building at the Adventist University in Colombia,2024
Investigador Asociado,Walter Hugo Arboleda Mazo,Masculino,Doctorado,Investigación y desarrollo,Teaching adults CPR in a group of students of Prehospital Care at the Colombian Adventist University using augmented reality,2024
Investigador Asociado,Walter Hugo Arboleda Mazo,Masculino,Doctorado,Investigación y desarrollo,Process to improve the angles learning of 10th-grade students in the Icolven High School - Phase 2,2024
Investigador Asociado,Walter Hugo Arboleda Mazo,Masculino,Doctorado,Investigación y desarrollo,Realidad Virtual en la AdquisiciAn de HAbitos Saludables en el uso de smartphones y computadoras,2024
Investigador Asociado,Walter Hugo Arboleda Mazo,Masculino,Doctorado,Investigación y desarrollo,RepercusiAn de la reforma tributaria de 2017 en el Andice de Precios al Consumidor en Colombia,2024
Investigador Asociado,Walter Hugo Arboleda Mazo,Masculino,Doctorado,"Investigación, desarrollo e Innovación",ImplementaciAn de la realidad virtual a la enseAanza de la geometrAa descriptiva,2024
Investigador Asociado,Walter Hugo Arboleda Mazo,Masculino,Doctorado,Investigación y desarrollo,Reflexiones de Las Bienaventuranzas A Usando Realidad Virtual Aumentada,2024
Investigador Asociado,Walter Hugo Arboleda Mazo,Masculino,Doctorado,Investigación y desarrollo,AnAlisis de perfiles ocupacionales y planes de estudio de los programas de ContadurAa PAblica en las universidades acreditadas en Colombia y universidades de las divisiones Inter-Americana y Sur Americana.,2024
Investigador Asociado,Walter Hugo Arboleda Mazo,Masculino,Doctorado,Investigación y desarrollo,Realidad Aumentada RCP,2024
Investigador Asociado,Walter Hugo Arboleda Mazo,Masculino,Doctorado,Investigación y desarrollo,Uso de la Realidad Virtual en la AdquisiciAn de HAbitos Saludables,2024
Investigador Asociado,Walter Hugo Arboleda Mazo,Masculino,Doctorado,Investigación y desarrollo,DiseAo de una SoluciAn de Realidad Virtual Aumentada para Aprendizaje de RCP en Adultos,2017
Investigador Asociado,Walter Hugo Arboleda Mazo,Masculino,Doctorado,Investigación y desarrollo,Uso de la Realidad virtual en la educaciAn en IngenierAa,2024
Investigador Asociado,Walter Hugo Arboleda Mazo,Masculino,Doctorado,Investigación y desarrollo,DefiniciAn de un ecosistema para la gestiAn de enfermedades no transmisibles a travAs del fomento de un estilo saludable,2024
Investigador Asociado,Walter Hugo Arboleda Mazo,Masculino,Doctorado,Investigación y desarrollo,Smart City Arquitecture Proposal using the MQTT IoT Protocol to control Noise and Pollution in MedellAn City,2015
Investigador Asociado,Walter Hugo Arboleda Mazo,Masculino,Doctorado,Investigación y desarrollo,Intership at Quemby and Gravital,2024
Investigador Asociado,Walter Hugo Arboleda Mazo,Masculino,Doctorado,Investigación y desarrollo,RepercusiAn de la reforma tributaria en el IPC,2024
Investigador Asociado,Walter Hugo Arboleda Mazo,Masculino,Doctorado,"Investigación, desarrollo e Innovación",Documento Maestro del Programa de TecnologAa en Desarrollo de Software,2018
Investigador Asociado,Walter Hugo Arboleda Mazo,Masculino,Doctorado,"Investigación, desarrollo e Innovación",Cardiopulmonary Resuscitation Simulator Using Virtual Reality,2024
Investigador Asociado,Walter Hugo Arboleda Mazo,Masculino,Doctorado,"Investigación, desarrollo e Innovación",Ecosystem for the Diagnosis and record of lifestyle,2024
Investigador Asociado,Walter Hugo Arboleda Mazo,Masculino,Doctorado,Investigación y desarrollo,Information Technology Strategic Plan - City of Bello,2024
Investigador Asociado,Walter Hugo Arboleda Mazo,Masculino,Doctorado,Investigación y desarrollo,Intership at Quemby and Gravital software factories,2024
Investigador Asociado,Walter Hugo Arboleda Mazo,Masculino,Doctorado,"Investigación, desarrollo e Innovación",Uso de Lego Mindstorms como herramienta para el aprendizaje de las estructuras de decisiAn lAgica,2024
Investigador Asociado,Walter Hugo Arboleda Mazo,Masculino,Doctorado,"Investigación, desarrollo e Innovación",It Architecture to optimize the public buses transport frequencies in MedellAn City,2024
Investigador Asociado,Walter Hugo Arboleda Mazo,Masculino,Doctorado,"Investigación, desarrollo e Innovación",Design and implementation of an automatic micro-irrigation system for watermelon crops in the municipality of Puerto LApez at department of Meta (Colombia),2024
Investigador Asociado,Walter Hugo Arboleda Mazo,Masculino,Doctorado,"Investigación, desarrollo e Innovación",ImplementaciAn del repositorio institucional y del sistema de revistas de la UNAC,2015
Investigador Asociado,Walter Hugo Arboleda Mazo,Masculino,Doctorado,Investigación y desarrollo,Ahorro energAtico en el hogar mediante el uso de dispositivos mAviles Android que permita el Control automatizado del hogar usando una tarjeta Raspberry Pi,2016
Investigador Asociado,Walter Hugo Arboleda Mazo,Masculino,Doctorado,Investigación y desarrollo,Use of Scalable Data Mining Techniques and Supercomputing in Health Prediction,2016
Investigador Asociado,Walter Hugo Arboleda Mazo,Masculino,Doctorado,Investigación y desarrollo,Design of a Software Development Ecosystem Prototype for the Computer Science Program at FUNLAM University,2016
Investigador Asociado,Walter Hugo Arboleda Mazo,Masculino,Doctorado,Investigación y desarrollo,Mental Disorder Prediction using Big Data Analytics,2016
Investigador Asociado,Walter Hugo Arboleda Mazo,Masculino,Doctorado,"Investigación, desarrollo e Innovación",EstandarizaciAn de Procesos para la CertificaciAn en CMMI Nivel 3,2015
Investigador Asociado,Walter Hugo Arboleda Mazo,Masculino,Doctorado,Investigación y desarrollo,Open Data Catalog Prototype for Data Management of Social Responsability in Higher Education in Colombia,2016
Investigador Asociado,Walter Hugo Arboleda Mazo,Masculino,Doctorado,"Investigación, desarrollo e Innovación",ImplementaciAn de servicios tecnolAgicos para red de InvestigaciAn en AdministraciAn de Empresas,2015
Investigador Asociado,Walter Hugo Arboleda Mazo,Masculino,Doctorado,Investigación y desarrollo,AUsted puede salvar una vidaA GuAa de Procedimientos de EnfermerAa en RCP en poblaciAn mayor de 18 aAos usando realidad aumentada,2016
Investigador Asociado,Walter Hugo Arboleda Mazo,Masculino,Doctorado,Investigación y desarrollo,Data Analytics in Detecting Patterns for Early Detection of Crime,2016
Investigador Asociado,Walter Hugo Arboleda Mazo,Masculino,Doctorado,"Investigación, desarrollo e Innovación",Ecosistema de aplicaciones para la gestiAn de urgencias y emergencias en el departamento de Antioquia - A123,2015
Investigador Asociado,Walter Hugo Arboleda Mazo,Masculino,Doctorado,"Investigación, desarrollo e Innovación","Desarrollo de prototipo de sistema de informaciAn hospitalario integrado, interoperable para instituciones prestadoras de salud bajo la modalidad de telemedicina en el Departamento de Antioquia",2015
Investigador Asociado,Walter Hugo Arboleda Mazo,Masculino,Doctorado,"Investigación, desarrollo e Innovación",Sistema integral para la gestiAn de seguridad - SIGES,2016
Investigador Asociado,Walter Hugo Arboleda Mazo,Masculino,Doctorado,Investigación y desarrollo,Cardiovascular Disease Analysis with Big Data and High Computing,2016
Investigador Asociado,Walter Hugo Arboleda Mazo,Masculino,Doctorado,"Investigación, desarrollo e Innovación",ImplementaciAn de una arquitectura open health data para la gestiAn y consumo de datos de salud,2016
Investigador Asociado,Walter Hugo Arboleda Mazo,Masculino,Doctorado,"Investigación, desarrollo e Innovación",DiseAo de un aplicativo web para el laboratorio de fAsica y electrAnica de la Facultad de IngenierAa,2015
Investigador Asociado,Walter Hugo Arboleda Mazo,Masculino,Doctorado,Investigación y desarrollo,ActualizaciAn Sistema Virtual de GestiAn AcadAmica SVGA UNAC,2015
Investigador Asociado,Walter Hugo Arboleda Mazo,Masculino,Doctorado,Investigación y desarrollo,Marco de Referencia para la EnseAanza de la Ingenieria de Software en Instituciones de EducaciAn Superior Adventistas de Latinoamerica,2016
Investigador Asociado,Walter Hugo Arboleda Mazo,Masculino,Doctorado,"Investigación, desarrollo e Innovación",La ingenierAa de requisitos en los mAtodos de desarrollo agiles,2015
Investigador Asociado,Walter Hugo Arboleda Mazo,Masculino,Doctorado,Investigación y desarrollo,Design of a Mobile Application to Reduce the Academic Dropout Improving the Free Time Management,2016
Investigador Asociado,Walter Hugo Arboleda Mazo,Masculino,Doctorado,Investigación y desarrollo,Design of a Virtual Learning Object for Programming Logic Learning,2016
Investigador Asociado,Walter Hugo Arboleda Mazo,Masculino,Doctorado,Investigación y desarrollo,AplicaciAn Movil para el Cuidado de la Salud,2015
Investigador Asociado,Walter Hugo Arboleda Mazo,Masculino,Doctorado,Investigación y desarrollo,AplicaciAn MovAl en salud Guia de las 8 Semanas - Windows Phone,2014
Investigador Asociado,Walter Hugo Arboleda Mazo,Masculino,Doctorado,Investigación y desarrollo,Auditoria de conocimiento en el factor Estudiantes del programa de AdministraciAn de la Funlam,2015
Investigador Asociado,Walter Hugo Arboleda Mazo,Masculino,Doctorado,Investigación y desarrollo,Base de Conocimiento sobre Buenas PrActicas en Redes Avanzadas,2013
Investigador Asociado,Walter Hugo Arboleda Mazo,Masculino,Doctorado,"Investigación, desarrollo e Innovación",Sistema de Informacion y base de datos unificada para la poblacion atendida en el ambito de responsabilidad penal de la Provincia de San Jose de los Religiosos Terciarios Capuchinos.,2013
Investigador Asociado,Walter Hugo Arboleda Mazo,Masculino,Doctorado,Investigación y desarrollo,Desarrollo de una aplicaciAn movil para el cuidado de la salud,2015
Investigador Asociado,Walter Hugo Arboleda Mazo,Masculino,Doctorado,Investigación y desarrollo,Prototipo de Objetos Virtuales de Aprendizaje para el Aprendizaje de la lAgica de ProgramaciAn,2015
Investigador Asociado,Walter Hugo Arboleda Mazo,Masculino,Doctorado,Investigación y desarrollo,Programa de PromociAn y PrevenciAn de Enfermedades Cronicas no Transmisibles para el Departamento de Antioquia Acorde a los Lineamientos Establecidos por la OMG y la OPS.,2014
Investigador Asociado,Walter Hugo Arboleda Mazo,Masculino,Doctorado,Investigación y desarrollo,Busqueda en Texto Completo en Repositorios Digitales,2010
Investigador Asociado,Walter Hugo Arboleda Mazo,Masculino,Doctorado,Investigación y desarrollo,Estudio de factibilidad de un laboratorio de Robotica e Informatica,2008
Investigador Asociado,Walter Hugo Arboleda Mazo,Masculino,Doctorado,Investigación y desarrollo,"Levantamiento, DiseAo e Implementacion de las Normas de Control Interno para la Gestion de la Tecnologia de Pensiones de Antioquia",2010
Investigador Asociado,Walter Hugo Arboleda Mazo,Masculino,Doctorado,Investigación y desarrollo,Compendio Synchronous Digital Hierarchy,2000
Investigador Asociado,Walter Hugo Arboleda Mazo,Masculino,Doctorado,Investigación y desarrollo,DiseAo de una red privada virtual PC to LAN para la Fundacion Universitaria Maria Cano,2005
Investigador Asociado,Walter Hugo Arboleda Mazo,Masculino,Doctorado,Investigación y desarrollo,DefiniciAn de Arquitectura para Datos Abiertos Gubernamentales,2013
